{
	"version": "2.0",
	"name": "spet.auth.library-preload",
	"modules": {
		"spet/auth/action/AssociationDynamicAction.js": "sap.ui.define([\"jquery.sap.global\",\"./BaseDynamicAction\",\"spet/auth/Factory\",\"spet/auth/helper/AssociationDynamicActionHelper\"],function(t,e,n,i){return e.extend(\"spet.auth.action.AssociationDynamicAction\",{_sTarget:null,constructor:function(t){e.apply(this,arguments),this._sTarget=t.target},initialize:function(n){e.prototype.initialize.apply(this,arguments);var s=this._sTarget?n.byId(this._sTarget):n,a=new i({role:this._oValue,whenMissing:this._oWhenMissing,whenPresent:this._oWhenPresent,view:n});s?this._aHelperInfos.push({helper:a,control:s}):t.sap.log.warning(\"An dynamic action could not be attached (target not found).\")},process:function(t,e){this._aHelperInfos.length&&this._aHelperInfos[0].helper.addElement(e)}})},!1);",
		"spet/auth/action/BaseAction.js": "sap.ui.define([\"sap/ui/base/Object\"],function(t){return t.extend(\"spet.auth.action.BaseAction\",{metadata:{interfaces:[\"spet.auth.IAction\"]},initialize:function(){},process:function(){},finalize:function(){}})},!1);",
		"spet/auth/action/BaseDynamicAction.js": "sap.ui.define([\"./BaseAction\",\"spet/auth/Factory\"],function(e,n){return e.extend(\"spet.auth.action.BaseDynamicAction\",{_aHelperInfos:null,_oWhenMissing:null,_oWhenPresent:null,_oValue:null,constructor:function(e){var i=e[\"when-missing\"]||{},t=e[\"when-present\"]||{};this._oValue=e.value,this._oWhenMissing=n.getInstance().createAction(i.type,i),this._oWhenPresent=n.getInstance().createAction(t.type,t)},initialize:function(){this._aHelperInfos=[],this._oWhenMissing.initialize(),this._oWhenPresent.initialize()},finalize:function(){this._aHelperInfos.forEach(function(e){e.control.addDependent(e.helper),e.helper.refresh()}),this._oWhenMissing.finalize(),this._oWhenPresent.finalize()}})},!1);",
		"spet/auth/action/BindPropertyAction.js": "sap.ui.define([\"./BaseAction\",\"sap/ui/base/BindingParser\"],function(n,t){return n.extend(\"spet.auth.action.BindPropertyAction\",{metadata:{},_sName:\"\",_oInfo:null,constructor:function(n){this._sName=n.name,this._oInfo=n.info},process:function(n,e){if(e.bindProperty){var i=this._oInfo;\"string\"==typeof i&&0===i.indexOf(\"{=\")&&(i=t.parseExpression(i,2).result),e.bindProperty(this._sName,i)}}})},!1);",
		"spet/auth/action/ParentDynamicAction.js": "sap.ui.define([\"./BaseDynamicAction\",\"spet/auth/Factory\",\"spet/auth/helper/ParentDynamicActionHelper\"],function(e,n,t){return e.extend(\"spet.auth.action.ParentDynamicAction\",{process:function(e,n){var i=new t({role:this._oValue,whenMissing:this._oWhenMissing,whenPresent:this._oWhenPresent,view:e});i.setView(e),this._aHelperInfos.push({helper:i,control:n})}})},!1);",
		"spet/auth/action/RemoveAction.js": "sap.ui.define([\"./BaseAction\"],function(e){return e.extend(\"spet.auth.action.RemoveAction\",{process:function(e,n,t){t.remove()}})},!1);",
		"spet/auth/action/SetPropertyAction.js": "sap.ui.define([\"./BaseAction\"],function(t){var e=function(t,e){if(t.getMetadata&&t.getMetadata().getProperty){var a=t.getMetadata().getProperty(e);if(a)return a}return null};return t.extend(\"spet.auth.action.SetPropertyAction\",{metadata:{interfaces:[\"spet.auth.IAction\"]},_sName:\"\",_oValue:null,constructor:function(t){this._sName=t.name,this._oValue=t.value},process:function(t,a){var n=e(a,this._sName);n&&(a.unbindProperty(this._sName),n.set(a,this._oValue))}})},!1);",
		"spet/auth/ControlIterator.js": "sap.ui.define([\"sap/ui/core/Element\"],function(e){return function(n){function t(){var e=r[0].getMetadata().getAllAggregations();i=jQuery.map(e,function(e){return e})}var i,r=[n],u=0,l=0;t(),this.next=function(){do{var n=function(){for(;u<i.length;++u){var e,n=i[u].get(r[0]);if(i[u].multiple){if(n&&l<n.length)return n[l++];if(e=r[0].getBindingInfo(i[u].name),0===l&&e&&e.template)return++l,e.template}else if(0===l&&n)return++l,n;l=0}return null}();if(n){if(n instanceof e)return r.push(n),n}else u=0,l=0,r.shift(),r.length&&t()}while(r.length);return null},this.remove=function(){var e,n=i[u];--l,r.pop(),n.multiple?(e=r[0].getBindingInfo(n.name),e&&e.template?r[0].unbindAggregation(n.name):i[u].remove(r[0],l)):i[u].set(r[0],null)}}},!1);",
		"spet/auth/Factory.js": "sap.ui.define([\"jquery.sap.global\"],function(n){function t(){var t={},e={};this.registerSelectorProvider=function(e,i){\"function\"==typeof i?t[e]=i:n.sap.log.warning(\"Invalid selector provider type (it must be a function).\")},this.createSelector=function(e,i){if(t.hasOwnProperty(e))return t[e](i);n.sap.log.warning(\"Unknown selector type: \"+e+\".\")},this.registerActionProvider=function(t,i){\"function\"==typeof i?e[t]=i:n.sap.log.warning(\"Invalid action provider type (it must be a function).\")},this.createAction=function(t,i){if(e.hasOwnProperty(t))return e[t](i);n.sap.log.warning(\"Unknown action type: \"+t+\".\")}}var e;return e=new t,t.getInstance=function(){return e},t},!1);",
		"spet/auth/helper/AssociationDynamicActionHelper.js": "sap.ui.define([\"./BaseDynamicActionHelper\"],function(e){return e.extend(\"spet.auth.helper.AssociationDynamicActionHelper\",{metadata:{associations:{elements:{type:\"sap.ui.core.Element\",multiple:!0}}},getSelectedElements:function(){return(this.getElements()||[]).map(function(e){return sap.ui.getCore().byId(e)})}})},!1);",
		"spet/auth/helper/BaseDynamicActionHelper.js": "sap.ui.define([\"sap/ui/core/Control\"],function(e){return e.extend(\"spet.auth.helper.BaseDynamicActionHelper\",{metadata:{properties:{role:{type:\"any\"},whenPresent:{type:\"spet.auth.IAction\"},whenMissing:{type:\"spet.auth.IAction\"}},associations:{view:{type:\"sap.ui.core.mvc.View\",multiple:!1}}},_counter:0,setRole:function(e){this.setProperty(\"role\",e),jQuery.when(e).then(this.updateRole.bind(this,++this._counter))},updateRole:function(e,t){e===this._counter&&(this.setProperty(\"role\",t),this.refresh())},refresh:function(){var e=null,t=sap.ui.getCore().byId(this.getView());!0===this.getRole()?e=this.getWhenPresent():!1===this.getRole()&&(e=this.getWhenMissing()),e&&this.getSelectedElements().forEach(function(i){e.process(t,i)})}})},!1);",
		"spet/auth/helper/ExpressionHelper.js": "sap.ui.define([\"sap/ui/core/Element\"],function(e){return e.extend(\"spet.auth.selector.ExpressionHelper\",{metadata:{properties:{result:{type:\"boolean\",defaultValue:!1}}}})},!1);",
		"spet/auth/helper/ParentDynamicActionHelper.js": "sap.ui.define([\"./BaseDynamicActionHelper\"],function(e){return e.extend(\"spet.auth.helper.ParentDynamicActionHelper\",{getSelectedElements:function(){return this.getParent()?[this.getParent()]:[]}})},!1);",
		"spet/auth/library.js": "sap.ui.define([\"jquery.sap.global\",\"sap/ui/core/library\",\"./Factory\",\"./selector/IdSelector\",\"./selector/PropertySelector\",\"./selector/CustomDataSelector\",\"./selector/ElementTypeSelector\",\"./action/BaseAction\",\"./action/RemoveAction\",\"./action/SetPropertyAction\",\"./action/BindPropertyAction\",\"./helper/ExpressionHelper\",\"sap/ui/model/json/JSONModel\",\"sap/ui/core/mvc/XMLView\",\"./ControlIterator\",\"sap/ui/base/BindingParser\",\"./action/AssociationDynamicAction\",\"./action/ParentDynamicAction\"],function(e,r,t,n,o,i,c,s,a,u,l,p,f,v,h,d,g,w){\"use strict\";sap.ui.getCore().initLibrary({name:\"spet.auth\",version:\"0.9.0\",dependencies:[\"sap.ui.core\"],types:[],interfaces:[\"spet.auth.ISelector\",\"spet.auth.IAction\"],controls:[],elements:[\"spet.auth.ExpressionHelper\"],noLibraryCSS:!0});var m=t.getInstance();m.registerSelectorProvider(\"id\",function(e){return new n(e)}),m.registerSelectorProvider(\"property\",function(e){return new o(e)}),m.registerSelectorProvider(\"custom-data\",function(e){return new i(e)}),m.registerSelectorProvider(\"element-type\",function(e){return new c(e)}),m.registerActionProvider(\"nop\",function(){return new s}),m.registerActionProvider(\"hide\",function(){return new u({name:\"visible\",value:!1})}),m.registerActionProvider(\"show\",function(){return new u({name:\"visible\",value:!0})}),m.registerActionProvider(\"disable\",function(){return new u({name:\"enabled\",value:!1})}),m.registerActionProvider(\"enable\",function(){return new u({name:\"enabled\",value:!0})}),m.registerActionProvider(\"set-property\",function(e){return new u(e)}),m.registerActionProvider(\"bind-property\",function(e){return new l(e)}),m.registerActionProvider(\"remove\",function(){return new a}),m.registerActionProvider(\"dynamic\",function(e){return e&&e.context&&\"external\"===e.context?new g(e):new w(e)}),spet.auth.buildRoleMap=function(){function r(r,t){return r.hasOwnProperty(t)?!r[t]&&(r[t]=!0,!0):(e.sap.log.warning(\"The role \"+t+\" was not present in the specification.\"),r[t]=!0,!0)}function t(e,t){var n,o={};for(n=0;n<e.length;++n)o[e[n]]=!1;for(n=0;n<t.length;++n)r(o,t[n]);return o}function n(e,t){var n=!1;for(var o in t)if(t.hasOwnProperty(o)&&t[o].length&&e[o])for(var i=0;i<t[o].length;++i)n=r(e,t[o][i])||n;return n}function o(e,t){var n=!1;for(var o in t)t.hasOwnProperty(o)&&t[o].getResult()&&(n=r(e,o)||n);return n}function i(e,r){var t,n,o={};for(var i in e)e.hasOwnProperty(i)&&(n=e[i],\"string\"==typeof n&&0===n.indexOf(\"{=\")&&(n=d.parseExpression(n,2).result),t=new p({result:n}),t.bindElement({path:\"/\"}),t.setModel(r),o[i]=t);return o}return function(e,r){var c,s=t(e.roles||[],r),a=new f(s),u=i(e.expressions||{},a),l=e.implications||{};do{c=o(s,u)||n(s,l),a.refresh()}while(c);return s}}();var y={},P=!1;return spet.auth.buildContext=function(){function e(e,r){var t;return!e||\":always\"===e.toLowerCase()||((t=e.match(/^present:(.+)$/i))&&t.length>=2?!!r[t[1]]:(t=e.match(/^missing:(.+)$/i),t&&t.length>=2?!r[t[1]]:void 0))}function r(e,r){var t=(r.view||r.views||\":all\").split(\",\"),n={action:m.createAction(r.action&&r.action.type,r.action),selector:m.createSelector(r.selector&&r.selector.type,r.selector)};if(t.length&&n.action&&n.selector)for(var o=0;o<t.length;++o)e.hasOwnProperty(t[o])||(e[t[o]]=[]),e[t[o]].push(n)}return function(t,n){var o,i={};for(o=0;o<t.length;++o)e(t[o].when,n)&&r(i,t[o]);return i}}(),spet.auth.processControlTree=function(r,t,n){var o=t.getViewName(),i=y[r],c=new e.Deferred;return i?i.then(function(e){var r,s=(e[\":all\"]||[]).concat(i[o]||[]),a=new h(n),u=function(e){e.action.initialize(t)},l=function(e){e.action.finalize()},p=function(e){e.selector.check(t,r)&&e.action.process(t,r,a)};for(s.forEach(u);null!==(r=a.next());)s.forEach(p);s.forEach(l),c.resolve()}):(e.sap.log.error(\"The component \"+r+\" is not registered.\"),c.resolve()),c.promise()},spet.auth.registerComponent=function(){function r(r){return\"string\"==typeof r?e.get(r).then(function(e){return e}):e.when(r)}function t(e,r){return spet.auth.processControlTree(r.componentId,e,e)}return function(n,o,i){var c=new e.Deferred;y[n]=c.promise(),P||(P=!0,v.registerPreprocessor(\"CONTROLS\",t,!1)),e.when(r(o),r(i)).then(function(e,r){var t=spet.auth.buildRoleMap(e,r),n=spet.auth.buildContext(e.actions||[],t);c.resolve(n)})}}(),spet.auth},!1);",
		"spet/auth/selector/CustomDataSelector.js": "sap.ui.define([\"sap/ui/base/Object\"],function(e){return e.extend(\"spet.auth.selector.CustomDataSelector\",{metadata:{interfaces:[\"spet.auth.ISelector\"]},_sKey:\"\",_oValue:null,constructor:function(e){this._sKey=e.name,this._oValue=e.value},check:function(e,t){return t.data&&t.data(this._sKey)===this._oValue}})},!1);",
		"spet/auth/selector/ElementTypeSelector.js": "sap.ui.define([\"sap/ui/base/Object\"],function(e){return e.extend(\"spet.auth.selector.ElementTypeSelector\",{metadata:{interfaces:[\"spet.auth.ISelector\"]},_sTypeName:\"\",constructor:function(e){this._sTypeName=e.value},check:function(e,t){return t.getMetadata&&t.getMetadata().getElementName&&t.getMetadata().getElementName()===this._sTypeName}})},!1);",
		"spet/auth/selector/IdSelector.js": "sap.ui.define([\"sap/ui/base/Object\"],function(e){return e.extend(\"spet.auth.selector.IdSelector\",{metadata:{interfaces:[\"spet.auth.ISelector\"]},_sId:\"\",constructor:function(e){this._sId=e.value},check:function(e,t){return t.getId&&e.createId(this._sId)===t.getId()}})},!1);",
		"spet/auth/selector/PropertySelector.js": "sap.ui.define([\"sap/ui/base/Object\"],function(t){var e=function(t,e){if(t.getMetadata&&t.getMetadata().getProperty){var r=t.getMetadata().getProperty(e);if(r)return r}return null};return t.extend(\"spet.auth.selector.PropertySelector\",{metadata:{interfaces:[\"spet.auth.ISelector\"]},_sProperty:\"\",_oValue:null,constructor:function(t){this._sProperty=t.name,this._oValue=t.value},check:function(t,r){var a=e(r,this._sProperty);return a&&a.get(r)===this._oValue}})},!1);"
	}
}